id,name,email,address,phone_number
47973,Chloe,chloe.kuhn@example.com,Leeds,016977 05428
49311,Tyrone,tyrone.walters@example.com,Modesto,(082)-253-3994
69711,Thea,thea.martin@example.com,Wellington,(080)-965-5594
62861,Emeline,emeline.garcia@example.com,Bordeaux,03-48-79-81-69
93759,????,ard.qsmy@example.com,????????,098-64082154
13533,Gonca,gonca.paksut@example.com,K?rklareli,(190)-580-3620
45876,Sigmar,sigmar.freitag@example.com,Weiﬂenburg In Bayern,0602-9541051
69851,Colin,colin.howard@example.com,Ratoath,041-856-5778
56858,Oliver,oliver.wood@example.com,Napier,(791)-859-5199
73494,Milan,milan.aarflot@example.com,Gaupne,88626575
10525,Nihal,nihal.tekand@example.com,Afyonkarahisar,(563)-997-9603
85897,Etienne,etienne.ma@example.com,Field,929-650-7242
